station,event_id,start_idx,core_start_idx,core_end_idx,onset_steps,core_steps,recovery_steps,end_idx,start_time,core_start_time,core_end_time,end_time,duration_steps,core_duration_steps,min_speed,mean_speed,max_occ
400238,0,1616,1620,1622,4,3,4,1626,2025-01-06 15:20:00,2025-01-06 15:40:00,2025-01-06 15:50:00,2025-01-06 16:10:00,11,3,39.3,50.472727272727276,0.1615
400238,1,1806,1825,1825,19,1,32,1857,2025-01-07 07:10:00,2025-01-07 08:45:00,2025-01-07 08:45:00,2025-01-07 11:25:00,52,1,43.9,55.60961538461538,0.1368
400238,2,1890,1895,1895,5,1,4,1899,2025-01-07 14:10:00,2025-01-07 14:35:00,2025-01-07 14:35:00,2025-01-07 14:55:00,10,1,56.1,58.94999999999999,0.1006
400238,3,1925,1930,1933,5,4,5,1938,2025-01-07 17:05:00,2025-01-07 17:30:00,2025-01-07 17:45:00,2025-01-07 18:10:00,14,4,50.0,54.228571428571435,0.0981
400238,4,2082,2115,2116,33,2,25,2141,2025-01-08 06:10:00,2025-01-08 08:55:00,2025-01-08 09:00:00,2025-01-08 11:05:00,60,2,38.7,52.53,0.1438
400238,5,2164,2186,2186,22,1,18,2204,2025-01-08 13:00:00,2025-01-08 14:50:00,2025-01-08 14:50:00,2025-01-08 16:20:00,41,1,47.5,55.63902439024391,0.1379
400238,6,2206,2222,2223,16,2,7,2230,2025-01-08 16:30:00,2025-01-08 17:50:00,2025-01-08 17:55:00,2025-01-08 18:30:00,25,2,45.7,54.776,0.1225
400238,7,2382,2431,2431,49,1,8,2439,2025-01-09 07:10:00,2025-01-09 11:15:00,2025-01-09 11:15:00,2025-01-09 11:55:00,58,1,37.7,55.05862068965517,0.2033
400238,8,2459,2474,2474,15,1,3,2477,2025-01-09 13:35:00,2025-01-09 14:50:00,2025-01-09 14:50:00,2025-01-09 15:05:00,19,1,47.5,56.73684210526316,0.1242
400238,9,2482,2498,2498,16,1,6,2504,2025-01-09 15:30:00,2025-01-09 16:50:00,2025-01-09 16:50:00,2025-01-09 17:20:00,23,1,46.2,55.560869565217395,0.1185
400238,10,2505,2512,2516,7,5,5,2521,2025-01-09 17:25:00,2025-01-09 18:00:00,2025-01-09 18:20:00,2025-01-09 18:45:00,17,5,23.9,38.94117647058823,0.2382
400238,11,2771,2784,2786,13,3,17,2803,2025-01-10 15:35:00,2025-01-10 16:40:00,2025-01-10 16:50:00,2025-01-10 18:15:00,33,3,47.0,55.54848484848485,0.1376
400238,12,3535,3555,3557,20,3,19,3576,2025-01-13 07:15:00,2025-01-13 08:55:00,2025-01-13 09:05:00,2025-01-13 10:40:00,42,3,42.4,53.935714285714276,0.1476
400238,13,3622,3645,3645,23,1,7,3652,2025-01-13 14:30:00,2025-01-13 16:25:00,2025-01-13 16:25:00,2025-01-13 17:00:00,31,1,35.8,54.00322580645161,0.1777
400238,14,3815,3859,3860,44,2,16,3876,2025-01-14 06:35:00,2025-01-14 10:15:00,2025-01-14 10:20:00,2025-01-14 11:40:00,62,2,28.9,46.30967741935483,0.2324
400238,15,3905,3948,3949,43,2,6,3955,2025-01-14 14:05:00,2025-01-14 17:40:00,2025-01-14 17:45:00,2025-01-14 18:15:00,51,2,32.7,50.68039215686275,0.1847
400238,16,4097,4236,4237,139,2,17,4254,2025-01-15 06:05:00,2025-01-15 17:40:00,2025-01-15 17:45:00,2025-01-15 19:10:00,158,2,31.3,50.584810126582276,0.2235
400238,17,4397,4424,4426,27,3,12,4438,2025-01-16 07:05:00,2025-01-16 09:20:00,2025-01-16 09:30:00,2025-01-16 10:30:00,42,3,32.5,50.11904761904762,0.2353
400238,18,4493,4504,4504,11,1,6,4510,2025-01-16 15:05:00,2025-01-16 16:00:00,2025-01-16 16:00:00,2025-01-16 16:30:00,18,1,47.4,56.41111111111112,0.1146
400238,19,4517,4527,4527,10,1,8,4535,2025-01-16 17:05:00,2025-01-16 17:55:00,2025-01-16 17:55:00,2025-01-16 18:35:00,19,1,38.7,52.68421052631578,0.1389
400238,20,4690,4706,4707,16,2,10,4717,2025-01-17 07:40:00,2025-01-17 09:00:00,2025-01-17 09:05:00,2025-01-17 09:55:00,28,2,47.3,57.45357142857143,0.1237
400238,21,4755,4784,4784,29,1,17,4801,2025-01-17 13:05:00,2025-01-17 15:30:00,2025-01-17 15:30:00,2025-01-17 16:55:00,47,1,42.0,54.802127659574474,0.1447
400238,22,4803,4807,4807,4,1,13,4820,2025-01-17 17:05:00,2025-01-17 17:25:00,2025-01-17 17:25:00,2025-01-17 18:30:00,18,1,51.3,56.56111111111111,0.1131
400238,23,5599,5606,5608,7,3,32,5640,2025-01-20 11:40:00,2025-01-21 08:35:00,2025-01-21 08:45:00,2025-01-21 11:25:00,42,3,30.2,44.37142857142857,0.2251
400238,24,5678,5691,5692,13,2,15,5707,2025-01-21 14:35:00,2025-01-21 15:40:00,2025-01-21 15:45:00,2025-01-21 17:00:00,30,2,23.3,50.45666666666666,0.2619
400238,25,5870,5905,5910,35,6,24,5934,2025-01-22 06:35:00,2025-01-22 09:35:00,2025-01-22 10:00:00,2025-01-22 12:00:00,65,6,28.8,47.75692307692307,0.2279
400238,26,5938,5986,5986,48,1,30,6016,2025-01-22 12:20:00,2025-01-22 16:20:00,2025-01-22 16:20:00,2025-01-22 18:50:00,79,1,49.5,55.79873417721518,0.1121
400238,27,6158,6190,6191,32,2,21,6212,2025-01-23 06:40:00,2025-01-23 09:20:00,2025-01-23 09:25:00,2025-01-23 11:10:00,55,2,34.6,52.96909090909092,0.2096
400238,28,6233,6248,6249,15,2,8,6257,2025-01-23 12:55:00,2025-01-23 14:45:00,2025-01-23 14:50:00,2025-01-23 15:30:00,25,2,48.6,57.652,0.1369
400238,29,6258,6261,6261,3,1,4,6265,2025-01-23 15:35:00,2025-01-23 15:50:00,2025-01-23 15:50:00,2025-01-23 16:10:00,8,1,50.0,56.2375,0.1179
400238,30,6275,6283,6285,8,3,8,6293,2025-01-23 17:00:00,2025-01-23 17:40:00,2025-01-23 17:50:00,2025-01-23 18:30:00,19,3,51.0,54.79473684210526,0.1194
400238,31,6523,6543,6543,20,1,14,6557,2025-01-24 13:40:00,2025-01-24 15:20:00,2025-01-24 15:20:00,2025-01-24 16:30:00,35,1,48.4,56.762857142857136,0.13
400238,32,6558,6560,6560,2,1,9,6569,2025-01-24 16:35:00,2025-01-24 16:45:00,2025-01-24 16:45:00,2025-01-24 17:30:00,12,1,47.2,54.525000000000006,0.1456
400238,33,7315,7326,7330,11,5,10,7340,2025-01-27 08:15:00,2025-01-27 09:10:00,2025-01-27 09:30:00,2025-01-27 10:20:00,26,5,31.6,43.93076923076923,0.185
400238,34,7422,7436,7438,14,3,1,7439,2025-01-27 17:10:00,2025-01-27 18:20:00,2025-01-27 18:30:00,2025-01-27 19:10:00,18,3,27.7,46.10555555555555,0.2086
400238,35,7578,7600,7601,22,2,30,7631,2025-01-28 06:45:00,2025-01-28 08:35:00,2025-01-28 08:40:00,2025-01-28 11:10:00,54,2,32.7,51.05185185185187,0.2055
400238,36,7657,7665,7666,8,2,13,7679,2025-01-28 13:20:00,2025-01-28 14:00:00,2025-01-28 14:05:00,2025-01-28 15:10:00,23,2,46.1,57.747826086956536,0.1314
400238,37,7688,7718,7721,30,4,4,7725,2025-01-28 15:55:00,2025-01-28 18:25:00,2025-01-28 18:40:00,2025-01-28 19:00:00,38,4,20.2,35.18421052631578,0.2811
400238,38,7865,7883,7883,18,1,39,7922,2025-01-29 06:40:00,2025-01-29 08:10:00,2025-01-29 08:10:00,2025-01-29 11:25:00,58,1,50.0,56.189655172413794,0.1262
400238,39,7951,7970,7972,19,3,16,7988,2025-01-29 13:50:00,2025-01-29 15:25:00,2025-01-29 15:35:00,2025-01-29 16:55:00,38,3,32.5,53.392105263157895,0.1771
400238,40,7989,7996,7996,7,1,3,7999,2025-01-29 17:00:00,2025-01-29 17:35:00,2025-01-29 17:35:00,2025-01-29 17:50:00,11,1,49.9,54.47272727272727,0.1113
400238,41,8153,8193,8194,40,2,17,8211,2025-01-30 06:40:00,2025-01-30 10:00:00,2025-01-30 10:05:00,2025-01-30 11:30:00,59,2,38.7,53.30677966101695,0.1631
400238,42,8245,8268,8269,23,2,19,8288,2025-01-30 14:20:00,2025-01-30 16:15:00,2025-01-30 16:20:00,2025-01-30 17:55:00,44,2,37.9,54.23636363636365,0.1671
400238,43,8449,8465,8466,16,2,13,8479,2025-01-31 07:20:00,2025-01-31 08:40:00,2025-01-31 08:45:00,2025-01-31 09:50:00,31,2,41.7,54.48387096774193,0.144
400238,44,8520,8548,8550,28,3,43,8593,2025-01-31 13:15:00,2025-01-31 15:35:00,2025-01-31 15:45:00,2025-01-31 19:20:00,74,3,27.0,49.4554054054054,0.1899
400363,45,374,399,399,25,1,10,409,2025-01-02 07:10:00,2025-01-02 09:15:00,2025-01-02 09:15:00,2025-01-02 10:05:00,36,1,55.9,58.60277777777779,0.0988
400363,46,410,414,414,4,1,3,417,2025-01-02 10:10:00,2025-01-02 10:30:00,2025-01-02 10:30:00,2025-01-02 10:45:00,8,1,54.4,57.9,0.1045
400363,47,1513,1538,1542,25,5,16,1558,2025-01-06 06:45:00,2025-01-06 08:50:00,2025-01-06 09:10:00,2025-01-06 10:30:00,46,5,26.3,50.61521739130434,0.2438
400363,48,1576,1579,1579,3,1,8,1587,2025-01-06 12:00:00,2025-01-06 12:15:00,2025-01-06 12:15:00,2025-01-06 12:55:00,12,1,30.4,49.51666666666667,0.227
400363,49,1795,1828,1832,33,5,27,1859,2025-01-07 06:15:00,2025-01-07 09:00:00,2025-01-07 09:20:00,2025-01-07 11:35:00,65,5,25.5,50.48153846153846,0.2859
400363,50,2074,2151,2153,77,3,36,2189,2025-01-08 05:30:00,2025-01-08 11:55:00,2025-01-08 12:05:00,2025-01-08 15:05:00,116,3,14.9,45.703448275862065,0.2844
400363,51,2369,2405,2407,36,3,22,2429,2025-01-09 06:05:00,2025-01-09 09:05:00,2025-01-09 09:15:00,2025-01-09 11:05:00,61,3,25.3,45.48688524590164,0.2531
400363,52,2658,2665,2669,7,5,36,2705,2025-01-10 06:10:00,2025-01-10 06:45:00,2025-01-10 07:05:00,2025-01-10 10:05:00,48,5,6.4,35.02916666666667,0.5025
400363,53,3072,3078,3082,6,5,16,3098,2025-01-11 16:40:00,2025-01-11 17:10:00,2025-01-11 17:30:00,2025-01-11 18:50:00,27,5,14.1,33.94444444444444,0.3338
400363,54,3523,3554,3555,31,2,28,3583,2025-01-13 06:15:00,2025-01-13 08:50:00,2025-01-13 08:55:00,2025-01-13 11:15:00,61,2,28.4,50.86557377049181,0.2405
400363,55,3811,3837,3837,26,1,42,3879,2025-01-14 06:15:00,2025-01-14 08:25:00,2025-01-14 08:25:00,2025-01-14 11:55:00,69,1,42.5,53.05072463768116,0.1532
400363,56,4090,4128,4139,38,12,63,4202,2025-01-15 05:30:00,2025-01-15 08:40:00,2025-01-15 09:35:00,2025-01-15 14:50:00,113,12,19.0,46.56283185840707,0.2911
400363,57,4387,4417,4421,30,5,33,4454,2025-01-16 06:15:00,2025-01-16 08:45:00,2025-01-16 09:05:00,2025-01-16 11:50:00,68,5,21.1,43.86617647058822,0.3121
400363,58,4689,4704,4705,15,2,32,4737,2025-01-17 07:35:00,2025-01-17 08:50:00,2025-01-17 08:55:00,2025-01-17 11:35:00,49,2,38.4,53.33877551020408,0.1778
400363,59,4800,4804,4806,4,3,7,4813,2025-01-17 16:50:00,2025-01-17 17:10:00,2025-01-17 17:20:00,2025-01-17 17:55:00,14,3,34.4,51.36428571428571,0.2685
400363,60,5596,5607,5613,11,7,38,5651,2025-01-20 11:25:00,2025-01-21 08:40:00,2025-01-21 09:10:00,2025-01-21 12:20:00,56,7,24.5,47.11071428571428,0.2622
400363,61,5864,5897,5905,33,9,67,5972,2025-01-22 06:05:00,2025-01-22 08:55:00,2025-01-22 09:35:00,2025-01-22 15:10:00,109,9,21.9,49.56605504587156,0.2786
400363,62,6152,6182,6189,30,8,35,6224,2025-01-23 06:10:00,2025-01-23 08:40:00,2025-01-23 09:15:00,2025-01-23 12:10:00,73,8,25.0,48.04931506849316,0.2656
400363,63,6432,6469,6473,37,5,19,6492,2025-01-24 06:05:00,2025-01-24 09:10:00,2025-01-24 09:30:00,2025-01-24 11:05:00,61,5,23.7,50.95737704918033,0.2893
400363,64,6775,6829,6829,54,1,42,6871,2025-01-25 10:40:00,2025-01-25 15:10:00,2025-01-25 15:10:00,2025-01-25 18:40:00,97,1,48.6,59.4742268041237,0.1114
400363,65,7289,7304,7312,15,9,35,7347,2025-01-27 06:05:00,2025-01-27 07:20:00,2025-01-27 08:00:00,2025-01-27 10:55:00,59,9,8.0,33.447457627118645,0.5015
400363,66,7567,7607,7608,40,2,36,7644,2025-01-28 05:50:00,2025-01-28 09:10:00,2025-01-28 09:15:00,2025-01-28 12:15:00,78,2,25.7,48.27307692307692,0.2482
400363,67,7861,7874,7874,13,1,57,7931,2025-01-29 06:20:00,2025-01-29 07:25:00,2025-01-29 07:25:00,2025-01-29 12:10:00,71,1,43.0,54.321126760563374,0.1619
400363,68,8146,8173,8181,27,9,39,8220,2025-01-30 06:05:00,2025-01-30 08:20:00,2025-01-30 09:00:00,2025-01-30 12:15:00,75,9,24.6,45.29333333333334,0.2758
400363,69,8450,8461,8462,11,2,46,8508,2025-01-31 07:25:00,2025-01-31 08:20:00,2025-01-31 08:25:00,2025-01-31 12:15:00,59,2,53.4,56.81016949152543,0.1057
400409,70,373,390,390,17,1,27,417,2025-01-02 07:05:00,2025-01-02 08:30:00,2025-01-02 08:30:00,2025-01-02 10:45:00,45,1,47.2,58.52222222222223,0.1405
400409,71,450,455,460,5,6,9,469,2025-01-02 13:30:00,2025-01-02 13:55:00,2025-01-02 14:20:00,2025-01-02 15:05:00,20,6,32.5,45.79,0.2174
400409,72,660,692,692,32,1,54,746,2025-01-03 07:10:00,2025-01-03 09:50:00,2025-01-03 09:50:00,2025-01-03 14:20:00,87,1,40.2,55.563218390804586,0.1601
400409,73,756,781,781,25,1,18,799,2025-01-03 15:10:00,2025-01-03 17:15:00,2025-01-03 17:15:00,2025-01-03 18:45:00,44,1,56.0,59.574999999999996,0.1131
400409,74,1512,1536,1550,24,15,11,1561,2025-01-06 06:40:00,2025-01-06 08:40:00,2025-01-06 09:50:00,2025-01-06 10:45:00,50,15,37.1,48.32,0.1915
400409,75,1578,1580,1583,2,4,9,1592,2025-01-06 12:10:00,2025-01-06 12:20:00,2025-01-06 12:35:00,2025-01-06 13:20:00,15,4,35.3,52.186666666666675,0.2233
400409,76,1611,1618,1618,7,1,12,1630,2025-01-06 14:55:00,2025-01-06 15:30:00,2025-01-06 15:30:00,2025-01-06 16:30:00,20,1,48.0,59.795,0.1512
400409,77,1631,1641,1641,10,1,10,1651,2025-01-06 16:35:00,2025-01-06 17:25:00,2025-01-06 17:25:00,2025-01-06 18:15:00,21,1,44.6,55.671428571428564,0.1674
400409,78,1794,1827,1836,33,10,62,1898,2025-01-07 06:10:00,2025-01-07 08:55:00,2025-01-07 09:40:00,2025-01-07 14:50:00,105,10,32.2,49.987619047619056,0.2041
400409,79,1900,1909,1909,9,1,11,1920,2025-01-07 15:00:00,2025-01-07 15:45:00,2025-01-07 15:45:00,2025-01-07 16:40:00,21,1,54.6,58.27619047619047,0.1199
400409,80,1922,1938,1939,16,2,2,1941,2025-01-07 16:50:00,2025-01-07 18:10:00,2025-01-07 18:15:00,2025-01-07 18:25:00,20,2,54.4,57.24499999999999,0.1049
400409,81,2073,2145,2152,72,8,88,2240,2025-01-08 05:25:00,2025-01-08 11:25:00,2025-01-08 12:00:00,2025-01-08 19:20:00,168,8,5.9,44.14702380952381,0.4575
400409,82,2367,2416,2420,49,5,38,2458,2025-01-09 05:55:00,2025-01-09 10:00:00,2025-01-09 10:20:00,2025-01-09 13:30:00,92,5,32.3,48.285869565217396,0.2243
400409,83,2460,2474,2474,14,1,3,2477,2025-01-09 13:40:00,2025-01-09 14:50:00,2025-01-09 14:50:00,2025-01-09 15:05:00,18,1,53.0,59.74444444444445,0.1227
400409,84,2478,2491,2492,13,2,15,2507,2025-01-09 15:10:00,2025-01-09 16:15:00,2025-01-09 16:20:00,2025-01-09 17:35:00,30,2,39.6,52.730000000000004,0.1843
400409,85,2668,2690,2697,22,8,9,2706,2025-01-10 07:00:00,2025-01-10 08:50:00,2025-01-10 09:25:00,2025-01-10 10:10:00,39,8,35.8,48.666666666666664,0.1622
400409,86,2723,2725,2725,2,1,6,2731,2025-01-10 11:35:00,2025-01-10 11:45:00,2025-01-10 11:45:00,2025-01-10 12:15:00,9,1,54.0,58.28888888888889,0.1026
400409,87,2750,2765,2766,15,2,5,2771,2025-01-10 13:50:00,2025-01-10 15:05:00,2025-01-10 15:10:00,2025-01-10 15:35:00,22,2,38.1,50.00454545454545,0.1593
400409,88,2772,2802,2804,30,3,7,2811,2025-01-10 15:40:00,2025-01-10 18:10:00,2025-01-10 18:20:00,2025-01-10 18:55:00,40,3,36.6,52.2725,0.1815
400409,89,3056,3075,3085,19,11,16,3101,2025-01-11 15:20:00,2025-01-11 16:55:00,2025-01-11 17:45:00,2025-01-11 19:05:00,46,11,26.0,46.84782608695652,0.1952
400409,90,3523,3556,3557,33,2,37,3594,2025-01-13 06:15:00,2025-01-13 09:00:00,2025-01-13 09:05:00,2025-01-13 12:10:00,72,2,32.9,48.18194444444444,0.2037
400409,91,3614,3638,3638,24,1,33,3671,2025-01-13 13:50:00,2025-01-13 15:50:00,2025-01-13 15:50:00,2025-01-13 18:35:00,58,1,41.2,56.79137931034483,0.1843
400409,92,3808,3945,3947,137,3,15,3962,2025-01-14 06:00:00,2025-01-14 17:25:00,2025-01-14 17:35:00,2025-01-14 18:50:00,155,3,33.2,51.0916129032258,0.2157
400409,93,4090,4131,4138,41,8,118,4256,2025-01-15 05:30:00,2025-01-15 08:55:00,2025-01-15 09:30:00,2025-01-15 19:20:00,167,8,27.0,46.9808383233533,0.2255
400409,94,4386,4441,4446,55,6,34,4480,2025-01-16 06:10:00,2025-01-16 10:45:00,2025-01-16 11:10:00,2025-01-16 14:00:00,95,6,6.4,43.87157894736842,0.4757
400409,95,4496,4521,4523,25,3,15,4538,2025-01-16 15:20:00,2025-01-16 17:25:00,2025-01-16 17:35:00,2025-01-16 18:50:00,43,3,53.1,59.32093023255813,0.1312
400409,96,4672,4675,4680,3,6,2,4682,2025-01-17 06:10:00,2025-01-17 06:25:00,2025-01-17 06:50:00,2025-01-17 07:00:00,11,6,57.6,59.963636363636375,0.1136
400409,97,4688,4708,4712,20,5,19,4731,2025-01-17 07:30:00,2025-01-17 09:10:00,2025-01-17 09:30:00,2025-01-17 11:05:00,44,5,35.7,46.21363636363637,0.1932
400409,98,4735,4800,4802,65,3,18,4820,2025-01-17 11:25:00,2025-01-17 16:50:00,2025-01-17 17:00:00,2025-01-17 18:30:00,86,3,27.6,52.44186046511628,0.2602
400409,99,4823,4828,4831,5,4,5,4836,2025-01-17 18:45:00,2025-01-17 19:10:00,2025-01-17 19:25:00,2025-01-17 19:50:00,14,4,54.6,59.30000000000001,0.1128
400409,100,5019,5061,5061,42,1,7,5068,2025-01-18 11:05:00,2025-01-18 14:35:00,2025-01-18 14:35:00,2025-01-18 15:10:00,50,1,55.9,60.31399999999999,0.1236
400409,101,5075,5107,5107,32,1,11,5118,2025-01-18 15:45:00,2025-01-18 18:25:00,2025-01-18 18:25:00,2025-01-18 19:20:00,44,1,54.3,58.98181818181819,0.1165
400409,102,5590,5601,5616,11,16,113,5729,2025-01-20 10:55:00,2025-01-21 08:10:00,2025-01-21 09:25:00,2025-01-21 18:50:00,140,16,32.2,52.93714285714285,0.219
400409,103,5864,5897,5906,33,10,113,6019,2025-01-22 06:05:00,2025-01-22 08:55:00,2025-01-22 09:40:00,2025-01-22 19:05:00,156,10,30.3,49.46282051282052,0.2148
400409,104,6152,6174,6196,22,23,59,6255,2025-01-23 06:10:00,2025-01-23 08:00:00,2025-01-23 09:50:00,2025-01-23 15:20:00,104,23,34.9,49.9375,0.2104
400409,105,6256,6274,6274,18,1,24,6298,2025-01-23 15:25:00,2025-01-23 16:55:00,2025-01-23 16:55:00,2025-01-23 18:55:00,43,1,30.2,49.45348837209303,0.2501
400409,106,6430,6461,6464,31,4,54,6518,2025-01-24 05:55:00,2025-01-24 08:30:00,2025-01-24 08:45:00,2025-01-24 13:15:00,89,4,36.6,54.87640449438202,0.2085
400409,107,6521,6537,6538,16,2,56,6594,2025-01-24 13:30:00,2025-01-24 14:50:00,2025-01-24 14:55:00,2025-01-24 19:35:00,74,2,42.1,55.86621621621622,0.1735
400409,108,6774,6831,6831,57,1,41,6872,2025-01-25 10:35:00,2025-01-25 15:20:00,2025-01-25 15:20:00,2025-01-25 18:45:00,99,1,44.1,57.113131313131305,0.1717
400409,109,7086,7093,7094,7,2,21,7115,2025-01-26 12:35:00,2025-01-26 13:10:00,2025-01-26 13:15:00,2025-01-26 15:00:00,30,2,57.4,60.376666666666665,0.1149
400409,110,7289,7301,7304,12,4,136,7440,2025-01-27 06:05:00,2025-01-27 07:05:00,2025-01-27 07:20:00,2025-01-27 19:15:00,152,4,5.3,48.20657894736843,0.487
400409,111,7568,7602,7614,34,13,38,7652,2025-01-28 05:55:00,2025-01-28 08:45:00,2025-01-28 09:45:00,2025-01-28 12:55:00,85,13,31.4,44.69529411764706,0.2264
400409,112,7683,7688,7689,5,2,33,7722,2025-01-28 15:30:00,2025-01-28 15:55:00,2025-01-28 16:00:00,2025-01-28 18:45:00,40,2,44.7,56.3375,0.1812
400409,113,7861,7890,7905,29,16,62,7967,2025-01-29 06:20:00,2025-01-29 08:45:00,2025-01-29 10:00:00,2025-01-29 15:10:00,107,16,34.4,48.75887850467289,0.2031
400409,114,7968,7997,7997,29,1,14,8011,2025-01-29 15:15:00,2025-01-29 17:40:00,2025-01-29 17:40:00,2025-01-29 18:50:00,44,1,52.2,58.57272727272727,0.1336
400409,115,8146,8171,8174,25,4,71,8245,2025-01-30 06:05:00,2025-01-30 08:10:00,2025-01-30 08:25:00,2025-01-30 14:20:00,100,4,32.0,48.568000000000005,0.2102
400409,116,8253,8262,8263,9,2,7,8270,2025-01-30 15:00:00,2025-01-30 15:45:00,2025-01-30 15:50:00,2025-01-30 16:25:00,18,2,54.4,59.34444444444445,0.1288
400409,117,8272,8281,8282,9,2,17,8299,2025-01-30 16:35:00,2025-01-30 17:20:00,2025-01-30 17:25:00,2025-01-30 18:50:00,28,2,44.5,57.41785714285715,0.1606
400409,118,8446,8466,8469,20,4,122,8591,2025-01-31 07:05:00,2025-01-31 08:45:00,2025-01-31 09:00:00,2025-01-31 19:10:00,146,4,35.6,51.62054794520547,0.1832
400468,119,390,395,400,5,6,17,417,2025-01-02 08:30:00,2025-01-02 08:55:00,2025-01-02 09:20:00,2025-01-02 10:45:00,28,6,41.9,49.175000000000004,0.1542
400468,120,664,670,671,6,2,3,674,2025-01-03 07:30:00,2025-01-03 08:00:00,2025-01-03 08:05:00,2025-01-03 08:20:00,11,2,45.1,55.50909090909091,0.1259
400468,121,696,704,713,8,10,5,718,2025-01-03 10:10:00,2025-01-03 10:50:00,2025-01-03 11:35:00,2025-01-03 12:00:00,23,10,41.2,48.13913043478261,0.1381
400468,122,746,750,750,4,1,12,762,2025-01-03 14:20:00,2025-01-03 14:40:00,2025-01-03 14:40:00,2025-01-03 15:40:00,17,1,44.0,51.258823529411764,0.1406
400468,123,775,780,781,5,2,15,796,2025-01-03 16:45:00,2025-01-03 17:10:00,2025-01-03 17:15:00,2025-01-03 18:30:00,22,2,41.1,53.36363636363637,0.1484
400468,124,1507,1511,1515,4,5,46,1561,2025-01-06 06:15:00,2025-01-06 06:35:00,2025-01-06 06:55:00,2025-01-06 10:45:00,55,5,33.9,41.82181818181818,0.2084
400468,125,1575,1579,1580,4,2,4,1584,2025-01-06 11:55:00,2025-01-06 12:15:00,2025-01-06 12:20:00,2025-01-06 12:40:00,10,2,41.6,52.0,0.1385
400468,126,1631,1636,1637,5,2,8,1645,2025-01-06 16:35:00,2025-01-06 17:00:00,2025-01-06 17:05:00,2025-01-06 17:45:00,15,2,43.1,51.94666666666668,0.1401
400468,127,1796,1826,1834,30,9,27,1861,2025-01-07 06:20:00,2025-01-07 08:50:00,2025-01-07 09:30:00,2025-01-07 11:45:00,66,9,33.9,42.95,0.2026
400468,128,1922,1928,1930,6,3,11,1941,2025-01-07 16:50:00,2025-01-07 17:20:00,2025-01-07 17:30:00,2025-01-07 18:25:00,20,3,38.3,49.92000000000001,0.1641
400468,129,2075,2112,2117,37,6,33,2150,2025-01-08 05:35:00,2025-01-08 08:40:00,2025-01-08 09:05:00,2025-01-08 11:50:00,76,6,31.4,43.981578947368426,0.1999
400468,130,2191,2218,2220,27,3,9,2229,2025-01-08 15:15:00,2025-01-08 17:30:00,2025-01-08 17:40:00,2025-01-08 18:25:00,39,3,39.2,49.03846153846155,0.1475
400468,131,2371,2403,2404,32,2,25,2429,2025-01-09 06:15:00,2025-01-09 08:55:00,2025-01-09 09:00:00,2025-01-09 11:05:00,59,2,35.5,45.016949152542374,0.2012
400468,132,2430,2437,2439,7,3,4,2443,2025-01-09 11:10:00,2025-01-09 11:45:00,2025-01-09 11:55:00,2025-01-09 12:15:00,14,3,45.2,51.942857142857136,0.1334
400468,133,2660,2667,2670,7,4,35,2705,2025-01-10 06:20:00,2025-01-10 06:55:00,2025-01-10 07:10:00,2025-01-10 10:05:00,46,4,19.2,38.678260869565214,0.3725
400468,134,2749,2753,2754,4,2,5,2759,2025-01-10 13:45:00,2025-01-10 14:05:00,2025-01-10 14:10:00,2025-01-10 14:35:00,11,2,44.2,54.23636363636364,0.1344
400468,135,2766,2770,2771,4,2,36,2807,2025-01-10 15:10:00,2025-01-10 15:30:00,2025-01-10 15:35:00,2025-01-10 18:35:00,42,2,25.9,42.854761904761894,0.2711
400468,136,3067,3082,3085,15,4,12,3097,2025-01-11 16:15:00,2025-01-11 17:30:00,2025-01-11 17:45:00,2025-01-11 18:45:00,31,4,33.7,50.15806451612904,0.1965
400468,137,3523,3551,3558,28,8,24,3582,2025-01-13 06:15:00,2025-01-13 08:35:00,2025-01-13 09:10:00,2025-01-13 11:10:00,60,8,38.0,45.605,0.1808
400468,138,3634,3649,3650,15,2,16,3666,2025-01-13 15:30:00,2025-01-13 16:45:00,2025-01-13 16:50:00,2025-01-13 18:10:00,33,2,39.3,47.772727272727266,0.1498
400468,139,3815,3843,3847,28,5,27,3874,2025-01-14 06:35:00,2025-01-14 08:55:00,2025-01-14 09:15:00,2025-01-14 11:30:00,60,5,35.0,42.108333333333334,0.1928
400468,140,3922,3928,3929,6,2,9,3938,2025-01-14 15:30:00,2025-01-14 16:00:00,2025-01-14 16:05:00,2025-01-14 16:50:00,17,2,42.1,52.03529411764706,0.1452
400468,141,4097,4129,4139,32,11,15,4154,2025-01-15 06:05:00,2025-01-15 08:45:00,2025-01-15 09:35:00,2025-01-15 10:50:00,58,11,31.3,39.470689655172414,0.2051
400468,142,4224,4232,4235,8,4,11,4246,2025-01-15 16:40:00,2025-01-15 17:20:00,2025-01-15 17:35:00,2025-01-15 18:30:00,23,4,39.2,48.98695652173913,0.1573
400468,143,4387,4419,4423,32,5,19,4442,2025-01-16 06:15:00,2025-01-16 08:55:00,2025-01-16 09:15:00,2025-01-16 10:50:00,56,5,34.6,43.29107142857142,0.2153
400468,144,4673,4685,4686,12,2,44,4730,2025-01-17 06:15:00,2025-01-17 07:15:00,2025-01-17 07:20:00,2025-01-17 11:00:00,58,2,13.5,40.434482758620696,0.4148
400468,145,4734,4743,4746,9,4,5,4751,2025-01-17 11:20:00,2025-01-17 12:05:00,2025-01-17 12:20:00,2025-01-17 12:45:00,18,4,42.0,52.87222222222223,0.145
400468,146,4753,4776,4776,23,1,9,4785,2025-01-17 12:55:00,2025-01-17 14:50:00,2025-01-17 14:50:00,2025-01-17 15:35:00,33,1,43.0,53.624242424242425,0.1381
400468,147,4787,4807,4807,20,1,13,4820,2025-01-17 15:45:00,2025-01-17 17:25:00,2025-01-17 17:25:00,2025-01-17 18:30:00,34,1,41.0,49.58235294117647,0.1614
400468,148,4824,4829,4829,5,1,4,4833,2025-01-17 18:50:00,2025-01-17 19:15:00,2025-01-17 19:15:00,2025-01-17 19:35:00,10,1,50.1,56.09000000000001,0.1136
400468,149,5090,5096,5104,6,9,6,5110,2025-01-18 17:00:00,2025-01-18 17:30:00,2025-01-18 18:10:00,2025-01-18 18:40:00,21,9,58.3,59.73333333333333,0.0941
400468,150,5594,5604,5618,10,15,27,5645,2025-01-20 11:15:00,2025-01-21 08:25:00,2025-01-21 09:35:00,2025-01-21 11:50:00,52,15,34.4,42.44615384615384,0.2014
400468,151,5691,5713,5714,22,2,8,5722,2025-01-21 15:40:00,2025-01-21 17:30:00,2025-01-21 17:35:00,2025-01-21 18:15:00,32,2,40.4,53.49375,0.1564
400468,152,5867,5893,5899,26,7,34,5933,2025-01-22 06:20:00,2025-01-22 08:35:00,2025-01-22 09:05:00,2025-01-22 11:55:00,67,7,31.2,40.64179104477611,0.2086
400468,153,5974,6005,6006,31,2,8,6014,2025-01-22 15:20:00,2025-01-22 17:55:00,2025-01-22 18:00:00,2025-01-22 18:40:00,41,2,42.3,51.46829268292684,0.1658
400468,154,6157,6180,6189,23,10,36,6225,2025-01-23 06:35:00,2025-01-23 08:30:00,2025-01-23 09:15:00,2025-01-23 12:15:00,69,10,33.9,41.52753623188405,0.2032
400468,155,6257,6277,6282,20,6,8,6290,2025-01-23 15:30:00,2025-01-23 17:10:00,2025-01-23 17:35:00,2025-01-23 18:15:00,34,6,38.9,50.961764705882345,0.1713
400468,156,6435,6473,6477,38,5,14,6491,2025-01-24 06:20:00,2025-01-24 09:30:00,2025-01-24 09:50:00,2025-01-24 11:00:00,57,5,38.1,44.515789473684215,0.2152
400468,157,6549,6565,6568,16,4,21,6589,2025-01-24 15:50:00,2025-01-24 17:10:00,2025-01-24 17:25:00,2025-01-24 19:10:00,41,4,36.8,46.98780487804878,0.181
400468,158,6774,6835,6836,61,2,35,6871,2025-01-25 10:35:00,2025-01-25 15:40:00,2025-01-25 15:45:00,2025-01-25 18:40:00,98,2,34.3,53.289795918367346,0.1854
400468,159,7074,7079,7087,5,9,11,7098,2025-01-26 11:35:00,2025-01-26 12:00:00,2025-01-26 12:40:00,2025-01-26 13:35:00,25,9,24.4,39.072,0.2628
400468,160,7295,7322,7323,27,2,32,7355,2025-01-27 06:35:00,2025-01-27 08:50:00,2025-01-27 08:55:00,2025-01-27 11:35:00,61,2,23.6,39.406557377049175,0.2918
400468,161,7568,7599,7615,31,17,29,7644,2025-01-28 05:55:00,2025-01-28 08:30:00,2025-01-28 09:50:00,2025-01-28 12:15:00,77,17,34.6,42.964935064935055,0.1958
400468,162,7683,7707,7708,24,2,14,7722,2025-01-28 15:30:00,2025-01-28 17:30:00,2025-01-28 17:35:00,2025-01-28 18:45:00,40,2,37.9,48.225,0.1589
400468,163,7863,7888,7891,25,4,41,7932,2025-01-29 06:30:00,2025-01-29 08:35:00,2025-01-29 08:50:00,2025-01-29 12:15:00,70,4,34.0,43.04714285714285,0.1952
400468,164,7959,8000,8001,41,2,6,8007,2025-01-29 14:30:00,2025-01-29 17:55:00,2025-01-29 18:00:00,2025-01-29 18:30:00,49,2,42.7,54.15102040816327,0.1462
400468,165,8148,8173,8178,25,6,43,8221,2025-01-30 06:15:00,2025-01-30 08:20:00,2025-01-30 08:45:00,2025-01-30 12:20:00,74,6,34.3,43.183783783783774,0.2126
400468,166,8225,8227,8229,2,3,3,8232,2025-01-30 12:40:00,2025-01-30 12:50:00,2025-01-30 13:00:00,2025-01-30 13:15:00,8,3,48.2,54.45,0.1292
400468,167,8271,8283,8284,12,2,7,8291,2025-01-30 16:30:00,2025-01-30 17:30:00,2025-01-30 17:35:00,2025-01-30 18:10:00,21,2,49.7,58.847619047619055,0.1263
400468,168,8447,8454,8458,7,5,49,8507,2025-01-31 07:10:00,2025-01-31 07:45:00,2025-01-31 08:05:00,2025-01-31 12:10:00,61,5,33.6,43.199999999999996,0.2117
400468,169,8520,8568,8571,48,4,19,8590,2025-01-31 13:15:00,2025-01-31 17:15:00,2025-01-31 17:30:00,2025-01-31 19:05:00,71,4,36.1,42.00845070422536,0.1785
400576,170,367,408,409,41,2,7,416,2025-01-02 06:35:00,2025-01-02 10:00:00,2025-01-02 10:05:00,2025-01-02 10:40:00,50,2,29.1,47.42,0.3175
400576,171,420,425,426,5,2,12,438,2025-01-02 11:00:00,2025-01-02 11:25:00,2025-01-02 11:30:00,2025-01-02 12:30:00,19,2,55.8,60.48947368421052,0.126
400576,172,454,459,460,5,2,21,481,2025-01-02 13:50:00,2025-01-02 14:15:00,2025-01-02 14:20:00,2025-01-02 16:05:00,28,2,56.6,61.042857142857144,0.1164
400576,173,482,498,498,16,1,9,507,2025-01-02 16:10:00,2025-01-02 17:30:00,2025-01-02 17:30:00,2025-01-02 18:15:00,26,1,40.4,58.24230769230769,0.1986
400576,174,650,704,704,54,1,27,731,2025-01-03 06:20:00,2025-01-03 10:50:00,2025-01-03 10:50:00,2025-01-03 13:05:00,82,1,42.0,55.84634146341464,0.1686
400576,175,741,751,752,10,2,8,760,2025-01-03 13:55:00,2025-01-03 14:45:00,2025-01-03 14:50:00,2025-01-03 15:30:00,20,2,42.3,55.11,0.2205
400576,176,766,790,791,24,2,12,803,2025-01-03 16:00:00,2025-01-03 18:00:00,2025-01-03 18:05:00,2025-01-03 19:05:00,38,2,31.4,52.952631578947376,0.2712
400576,177,1341,1349,1353,8,5,13,1366,2025-01-05 16:25:00,2025-01-05 17:05:00,2025-01-05 17:25:00,2025-01-05 18:30:00,26,5,56.0,59.69230769230769,0.1143
400576,178,1507,1512,1512,5,1,48,1560,2025-01-06 06:15:00,2025-01-06 06:40:00,2025-01-06 06:40:00,2025-01-06 10:40:00,54,1,15.1,29.685185185185187,0.4277
400576,179,1574,1577,1577,3,1,27,1604,2025-01-06 11:50:00,2025-01-06 12:05:00,2025-01-06 12:05:00,2025-01-06 14:20:00,31,1,40.1,58.25806451612903,0.1824
400576,180,1608,1634,1635,26,2,18,1653,2025-01-06 14:40:00,2025-01-06 16:50:00,2025-01-06 16:55:00,2025-01-06 18:25:00,46,2,44.0,56.43695652173912,0.187
400576,181,1791,1823,1832,32,10,65,1897,2025-01-07 05:55:00,2025-01-07 08:35:00,2025-01-07 09:20:00,2025-01-07 14:45:00,107,10,17.2,40.79158878504673,0.3476
400576,182,1899,1931,1932,32,2,8,1940,2025-01-07 14:55:00,2025-01-07 17:35:00,2025-01-07 17:40:00,2025-01-07 18:20:00,42,2,28.5,52.778571428571425,0.2608
400576,183,1941,1948,1950,7,3,2,1952,2025-01-07 18:25:00,2025-01-07 19:00:00,2025-01-07 19:10:00,2025-01-07 19:20:00,12,3,56.3,58.65,0.1009
400576,184,2072,2111,2119,39,9,129,2248,2025-01-08 05:20:00,2025-01-08 08:35:00,2025-01-08 09:15:00,2025-01-08 20:00:00,177,9,16.9,44.19943502824859,0.3522
400576,185,2367,2400,2406,33,7,22,2428,2025-01-09 05:55:00,2025-01-09 08:40:00,2025-01-09 09:10:00,2025-01-09 11:00:00,62,7,20.2,35.65806451612904,0.3448
400576,186,2429,2436,2436,7,1,20,2456,2025-01-09 11:05:00,2025-01-09 11:40:00,2025-01-09 11:40:00,2025-01-09 13:20:00,28,1,31.6,53.275,0.2295
400576,187,2458,2506,2506,48,1,20,2526,2025-01-09 13:30:00,2025-01-09 17:30:00,2025-01-09 17:30:00,2025-01-09 19:10:00,69,1,40.1,56.35072463768116,0.2025
400576,188,2658,2668,2672,10,5,33,2705,2025-01-10 06:10:00,2025-01-10 07:00:00,2025-01-10 07:20:00,2025-01-10 10:05:00,48,5,7.5,31.75208333333333,0.4999
400576,189,2717,2771,2772,54,2,47,2819,2025-01-10 11:05:00,2025-01-10 15:35:00,2025-01-10 15:40:00,2025-01-10 19:35:00,103,2,23.2,49.022330097087384,0.3547
400576,190,3001,3091,3091,90,1,19,3110,2025-01-11 10:45:00,2025-01-11 18:15:00,2025-01-11 18:15:00,2025-01-11 19:50:00,110,1,32.5,56.29727272727272,0.2399
400576,191,3340,3365,3374,25,10,1,3375,2025-01-12 15:00:00,2025-01-12 17:05:00,2025-01-12 17:50:00,2025-01-12 17:55:00,36,10,57.3,59.088888888888896,0.1083
400576,192,3522,3551,3561,29,11,30,3591,2025-01-13 06:10:00,2025-01-13 08:35:00,2025-01-13 09:25:00,2025-01-13 11:55:00,70,11,23.0,38.65142857142857,0.3176
400576,193,3594,3658,3658,64,1,16,3674,2025-01-13 12:10:00,2025-01-13 17:30:00,2025-01-13 17:30:00,2025-01-13 18:50:00,81,1,35.5,55.34814814814815,0.2004
400576,194,3808,3847,3851,39,5,117,3968,2025-01-14 06:00:00,2025-01-14 09:15:00,2025-01-14 09:35:00,2025-01-14 19:20:00,161,5,15.1,45.25217391304348,0.3778
400576,195,4087,4126,4134,39,9,131,4265,2025-01-15 05:15:00,2025-01-15 08:30:00,2025-01-15 09:10:00,2025-01-15 20:05:00,179,9,13.6,43.27765363128491,0.3844
400576,196,4377,4416,4423,39,8,19,4442,2025-01-16 05:25:00,2025-01-16 08:40:00,2025-01-16 09:15:00,2025-01-16 10:50:00,66,8,16.4,35.23939393939394,0.362
400576,197,4445,4525,4525,80,1,20,4545,2025-01-16 11:05:00,2025-01-16 17:45:00,2025-01-16 17:45:00,2025-01-16 19:25:00,101,1,46.2,56.48019801980197,0.1518
400576,198,4671,4686,4691,15,6,38,4729,2025-01-17 06:05:00,2025-01-17 07:20:00,2025-01-17 07:45:00,2025-01-17 10:55:00,59,6,3.7,33.46440677966102,0.6317
400576,199,4733,4764,4765,31,2,54,4819,2025-01-17 11:15:00,2025-01-17 13:50:00,2025-01-17 13:55:00,2025-01-17 18:25:00,87,2,34.0,51.66781609195403,0.2495
400576,200,4823,4827,4828,4,2,9,4837,2025-01-17 18:45:00,2025-01-17 19:05:00,2025-01-17 19:10:00,2025-01-17 19:55:00,15,2,42.6,54.693333333333335,0.173
400576,201,5009,5060,5060,51,1,8,5068,2025-01-18 10:15:00,2025-01-18 14:30:00,2025-01-18 14:30:00,2025-01-18 15:10:00,60,1,43.2,56.138333333333335,0.1746
400576,202,5072,5097,5099,25,3,20,5119,2025-01-18 15:30:00,2025-01-18 17:35:00,2025-01-18 17:45:00,2025-01-18 19:25:00,48,3,47.9,55.87916666666666,0.141
400576,203,5356,5382,5382,26,1,17,5399,2025-01-19 15:10:00,2025-01-19 17:20:00,2025-01-19 17:20:00,2025-01-19 18:45:00,44,1,54.5,58.42954545454545,0.1207
400576,204,5546,5551,5551,5,1,16,5567,2025-01-20 07:15:00,2025-01-20 07:40:00,2025-01-20 07:40:00,2025-01-20 09:00:00,22,1,53.0,58.190909090909095,0.1006
400576,205,5569,5609,5613,40,5,122,5735,2025-01-20 09:10:00,2025-01-21 08:50:00,2025-01-21 09:10:00,2025-01-21 19:20:00,167,5,14.6,47.90299401197605,0.3648
400576,206,5856,5891,5905,35,15,124,6029,2025-01-22 05:25:00,2025-01-22 08:25:00,2025-01-22 09:35:00,2025-01-22 19:55:00,174,15,14.1,42.370114942528744,0.3578
400576,207,6151,6180,6186,29,7,118,6304,2025-01-23 06:05:00,2025-01-23 08:30:00,2025-01-23 09:00:00,2025-01-23 19:25:00,154,7,15.2,43.42727272727272,0.3602
400576,208,6429,6475,6476,46,2,115,6591,2025-01-24 05:50:00,2025-01-24 09:40:00,2025-01-24 09:45:00,2025-01-24 19:20:00,163,2,24.3,47.56380368098159,0.3251
400576,209,6766,6827,6827,61,1,47,6874,2025-01-25 09:55:00,2025-01-25 15:00:00,2025-01-25 15:00:00,2025-01-25 18:55:00,109,1,24.7,49.99174311926605,0.3097
400576,210,7055,7080,7089,25,10,69,7158,2025-01-26 10:00:00,2025-01-26 12:05:00,2025-01-26 12:50:00,2025-01-26 19:10:00,104,10,12.2,52.98461538461538,0.3815
400576,211,7284,7321,7325,37,5,114,7439,2025-01-27 05:40:00,2025-01-27 08:45:00,2025-01-27 09:05:00,2025-01-27 19:10:00,156,5,12.4,48.64102564102564,0.4207
400576,212,7569,7598,7609,29,12,50,7659,2025-01-28 06:00:00,2025-01-28 08:25:00,2025-01-28 09:20:00,2025-01-28 13:30:00,91,12,18.6,36.316483516483515,0.3295
400576,213,7660,7709,7711,49,3,16,7727,2025-01-28 13:35:00,2025-01-28 17:40:00,2025-01-28 17:50:00,2025-01-28 19:10:00,68,3,29.2,51.49117647058823,0.2751
400576,214,7860,7888,7896,28,9,120,8016,2025-01-29 06:15:00,2025-01-29 08:35:00,2025-01-29 09:15:00,2025-01-29 19:15:00,157,9,17.9,45.88152866242038,0.3746
400576,215,8146,8175,8179,29,5,123,8302,2025-01-30 06:05:00,2025-01-30 08:30:00,2025-01-30 08:50:00,2025-01-30 19:05:00,157,5,15.2,45.257324840764326,0.3939
400576,216,8432,8440,8442,8,3,3,8445,2025-01-31 05:55:00,2025-01-31 06:35:00,2025-01-31 06:45:00,2025-01-31 07:00:00,14,3,56.0,59.58571428571429,0.1226
400576,217,8446,8456,8466,10,11,129,8595,2025-01-31 07:05:00,2025-01-31 07:55:00,2025-01-31 08:45:00,2025-01-31 19:30:00,150,11,19.9,42.15533333333333,0.3463
401637,218,480,483,486,3,4,4,490,2025-01-02 16:00:00,2025-01-02 16:15:00,2025-01-02 16:30:00,2025-01-02 16:50:00,11,4,39.9,51.28181818181818,0.1757
401637,219,1822,1829,1835,7,7,25,1860,2025-01-07 08:30:00,2025-01-07 09:05:00,2025-01-07 09:35:00,2025-01-07 11:40:00,39,7,35.5,51.04615384615386,0.2051
401637,220,2083,2111,2113,28,3,25,2138,2025-01-08 06:15:00,2025-01-08 08:35:00,2025-01-08 08:45:00,2025-01-08 10:50:00,56,3,54.6,58.728571428571435,0.1226
401637,221,2398,2407,2407,9,1,9,2416,2025-01-09 08:30:00,2025-01-09 09:15:00,2025-01-09 09:15:00,2025-01-09 10:00:00,19,1,46.4,59.13157894736842,0.1628
401637,222,2500,2504,2506,4,3,11,2517,2025-01-09 17:00:00,2025-01-09 17:20:00,2025-01-09 17:30:00,2025-01-09 18:25:00,18,3,20.4,43.64444444444444,0.4016
401637,223,3820,3826,3832,6,7,46,3878,2025-01-14 07:00:00,2025-01-14 07:30:00,2025-01-14 08:00:00,2025-01-14 11:50:00,59,7,30.5,43.789830508474566,0.2622
401637,224,4099,4130,4132,31,3,23,4155,2025-01-15 06:15:00,2025-01-15 08:50:00,2025-01-15 09:00:00,2025-01-15 10:55:00,57,3,41.4,54.43508771929825,0.1817
401637,225,4414,4427,4434,13,8,4,4438,2025-01-16 08:30:00,2025-01-16 09:35:00,2025-01-16 10:10:00,2025-01-16 10:30:00,25,8,32.7,43.54,0.2278
401637,226,5599,5610,5627,11,18,5,5632,2025-01-20 11:40:00,2025-01-21 08:55:00,2025-01-21 10:20:00,2025-01-21 10:45:00,34,18,31.4,42.58529411764706,0.2388
401637,227,5634,5636,5636,2,1,10,5646,2025-01-21 10:55:00,2025-01-21 11:05:00,2025-01-21 11:05:00,2025-01-21 11:55:00,13,1,55.7,59.7,0.1176
401637,228,5867,5898,5902,31,5,30,5932,2025-01-22 06:20:00,2025-01-22 09:00:00,2025-01-22 09:20:00,2025-01-22 11:50:00,66,5,38.8,56.28030303030303,0.1847
401637,229,6163,6186,6189,23,4,33,6222,2025-01-23 07:05:00,2025-01-23 09:00:00,2025-01-23 09:15:00,2025-01-23 12:00:00,60,4,34.4,52.968333333333334,0.2205
401637,230,6259,6280,6284,21,5,5,6289,2025-01-23 15:40:00,2025-01-23 17:25:00,2025-01-23 17:45:00,2025-01-23 18:10:00,31,5,48.6,52.5516129032258,0.1318
401637,231,6468,6477,6477,9,1,9,6486,2025-01-24 09:05:00,2025-01-24 09:50:00,2025-01-24 09:50:00,2025-01-24 10:35:00,19,1,38.5,54.18947368421053,0.2187
401637,232,7577,7604,7605,27,2,25,7630,2025-01-28 06:40:00,2025-01-28 08:55:00,2025-01-28 09:00:00,2025-01-28 11:05:00,54,2,39.7,57.05925925925927,0.1901
401637,233,7632,7635,7635,3,1,5,7640,2025-01-28 11:15:00,2025-01-28 11:30:00,2025-01-28 11:30:00,2025-01-28 11:55:00,9,1,48.7,56.355555555555554,0.1167
401637,234,7868,7890,7891,22,2,18,7909,2025-01-29 06:55:00,2025-01-29 08:45:00,2025-01-29 08:50:00,2025-01-29 10:20:00,42,2,48.3,58.84285714285714,0.1415
401637,235,8171,8183,8184,12,2,18,8202,2025-01-30 08:10:00,2025-01-30 09:10:00,2025-01-30 09:15:00,2025-01-30 10:45:00,32,2,40.3,55.490624999999994,0.1855
402121,236,459,465,466,6,2,10,476,2025-01-02 14:15:00,2025-01-02 14:45:00,2025-01-02 14:50:00,2025-01-02 15:40:00,18,2,37.7,57.77777777777778,0.2335
402121,237,490,497,498,7,2,9,507,2025-01-02 16:50:00,2025-01-02 17:25:00,2025-01-02 17:30:00,2025-01-02 18:15:00,18,2,32.0,53.483333333333334,0.2725
402121,238,1617,1636,1642,19,7,17,1659,2025-01-06 15:25:00,2025-01-06 17:00:00,2025-01-06 17:30:00,2025-01-06 18:55:00,43,7,16.3,28.934883720930227,0.3905
402121,239,1894,1922,1924,28,3,26,1950,2025-01-07 14:30:00,2025-01-07 16:50:00,2025-01-07 17:00:00,2025-01-07 19:10:00,57,3,15.1,31.74736842105263,0.3841
402121,240,2171,2208,2211,37,4,26,2237,2025-01-08 13:35:00,2025-01-08 16:40:00,2025-01-08 16:55:00,2025-01-08 19:05:00,67,4,14.4,31.758208955223875,0.4185
402121,241,2411,2422,2423,11,2,8,2431,2025-01-09 09:35:00,2025-01-09 10:30:00,2025-01-09 10:35:00,2025-01-09 11:15:00,21,2,25.1,53.019047619047626,0.327
402121,242,2458,2482,2484,24,3,43,2527,2025-01-09 13:30:00,2025-01-09 15:30:00,2025-01-09 15:40:00,2025-01-09 19:15:00,70,3,9.0,33.065714285714286,0.5071
402121,243,2671,2684,2685,13,2,3,2688,2025-01-10 07:15:00,2025-01-10 08:20:00,2025-01-10 08:25:00,2025-01-10 08:40:00,18,2,51.1,57.233333333333334,0.1032
402121,244,2742,2795,2798,53,4,17,2815,2025-01-10 13:10:00,2025-01-10 17:35:00,2025-01-10 17:50:00,2025-01-10 19:15:00,74,4,15.8,34.83648648648648,0.4248
402121,245,3617,3640,3646,23,7,27,3673,2025-01-13 14:05:00,2025-01-13 16:00:00,2025-01-13 16:30:00,2025-01-13 18:45:00,57,7,15.3,35.4719298245614,0.3756
402121,246,3825,3836,3839,11,4,4,3843,2025-01-14 07:25:00,2025-01-14 08:20:00,2025-01-14 08:35:00,2025-01-14 08:55:00,19,4,11.9,40.20526315789474,0.4172
402121,247,3908,3921,3924,13,4,43,3967,2025-01-14 14:20:00,2025-01-14 15:25:00,2025-01-14 15:40:00,2025-01-14 19:15:00,60,4,11.0,25.546666666666667,0.4034
402121,248,4097,4216,4221,119,6,32,4253,2025-01-15 06:05:00,2025-01-15 16:00:00,2025-01-15 16:25:00,2025-01-15 19:05:00,157,6,13.1,43.69235668789809,0.4274
402121,249,4486,4516,4526,30,11,16,4542,2025-01-16 14:30:00,2025-01-16 17:00:00,2025-01-16 17:50:00,2025-01-16 19:10:00,57,11,12.2,29.1859649122807,0.4231
402121,250,4728,4792,4797,64,6,27,4824,2025-01-17 10:50:00,2025-01-17 16:10:00,2025-01-17 16:35:00,2025-01-17 18:50:00,97,6,14.4,43.2298969072165,0.4027
402121,251,5026,5029,5029,3,1,7,5036,2025-01-18 11:40:00,2025-01-18 11:55:00,2025-01-18 11:55:00,2025-01-18 12:30:00,11,1,44.6,58.290909090909096,0.1892
402121,252,5049,5052,5052,3,1,7,5059,2025-01-18 13:35:00,2025-01-18 13:50:00,2025-01-18 13:50:00,2025-01-18 14:25:00,11,1,37.7,54.81818181818182,0.1893
402121,253,5599,5600,5612,1,13,11,5623,2025-01-20 11:40:00,2025-01-21 08:05:00,2025-01-21 09:05:00,2025-01-21 10:00:00,25,13,4.6,27.468000000000004,0.6086
402121,254,5658,5719,5721,61,3,10,5731,2025-01-21 12:55:00,2025-01-21 18:00:00,2025-01-21 18:10:00,2025-01-21 19:00:00,74,3,7.9,38.01216216216216,0.4726
402121,255,5872,5887,5887,15,1,2,5889,2025-01-22 06:45:00,2025-01-22 08:00:00,2025-01-22 08:00:00,2025-01-22 08:15:00,18,1,40.3,53.077777777777776,0.1075
402121,256,5936,6019,6020,83,2,9,6029,2025-01-22 12:10:00,2025-01-22 19:05:00,2025-01-22 19:10:00,2025-01-22 19:55:00,94,2,11.8,33.82659574468085,0.4203
402121,257,6195,6204,6210,9,7,3,6213,2025-01-23 09:45:00,2025-01-23 10:30:00,2025-01-23 11:00:00,2025-01-23 11:15:00,19,7,58.1,59.926315789473676,0.094
402121,258,6230,6277,6286,47,10,14,6300,2025-01-23 12:40:00,2025-01-23 17:10:00,2025-01-23 17:55:00,2025-01-23 19:05:00,71,10,14.5,31.963380281690142,0.4146
402121,259,6505,6509,6510,4,2,75,6585,2025-01-24 12:10:00,2025-01-24 12:30:00,2025-01-24 12:35:00,2025-01-24 18:50:00,81,2,19.0,42.09753086419753,0.3637
402121,260,6846,6865,6866,19,2,8,6874,2025-01-25 16:35:00,2025-01-25 18:10:00,2025-01-25 18:15:00,2025-01-25 18:55:00,29,2,55.7,59.50689655172414,0.1064
402121,261,7385,7430,7438,45,9,3,7441,2025-01-27 14:05:00,2025-01-27 17:50:00,2025-01-27 18:30:00,2025-01-27 19:20:00,57,9,14.9,35.33157894736842,0.4112
402121,262,7578,7588,7588,10,1,6,7594,2025-01-28 06:45:00,2025-01-28 07:35:00,2025-01-28 07:35:00,2025-01-28 08:05:00,17,1,50.6,56.45294117647058,0.1189
402121,263,7648,7692,7721,44,30,9,7730,2025-01-28 12:35:00,2025-01-28 16:15:00,2025-01-28 18:40:00,2025-01-28 19:25:00,83,30,11.1,33.92530120481928,0.4616
402121,264,7865,7886,7887,21,2,54,7941,2025-01-29 06:40:00,2025-01-29 08:25:00,2025-01-29 08:30:00,2025-01-29 13:00:00,77,2,53.6,58.42467532467532,0.1033
402121,265,7942,7996,8001,54,6,11,8012,2025-01-29 13:05:00,2025-01-29 17:35:00,2025-01-29 18:00:00,2025-01-29 18:55:00,71,6,12.6,32.45352112676056,0.4218
402121,266,8153,8169,8169,16,1,10,8179,2025-01-30 06:40:00,2025-01-30 08:00:00,2025-01-30 08:00:00,2025-01-30 08:50:00,27,1,37.8,56.22592592592592,0.1565
402121,267,8187,8196,8202,9,7,3,8205,2025-01-30 09:30:00,2025-01-30 10:15:00,2025-01-30 10:45:00,2025-01-30 11:00:00,19,7,56.4,58.11052631578947,0.0983
402121,268,8234,8281,8287,47,7,14,8301,2025-01-30 13:25:00,2025-01-30 17:20:00,2025-01-30 17:50:00,2025-01-30 19:00:00,68,7,16.5,34.31029411764706,0.3479
402121,269,8482,8563,8570,81,8,29,8599,2025-01-31 10:05:00,2025-01-31 16:50:00,2025-01-31 17:25:00,2025-01-31 19:50:00,118,8,14.8,43.6042372881356,0.3644
423148,270,1616,1622,1622,6,1,9,1631,2025-01-06 15:20:00,2025-01-06 15:50:00,2025-01-06 15:50:00,2025-01-06 16:35:00,16,1,26.1,50.837500000000006,0.3109
423148,271,1894,1917,1917,23,1,4,1921,2025-01-07 14:30:00,2025-01-07 16:25:00,2025-01-07 16:25:00,2025-01-07 16:45:00,28,1,48.1,57.721428571428575,0.1251
423148,272,1923,1931,1940,8,10,6,1946,2025-01-07 16:55:00,2025-01-07 17:35:00,2025-01-07 18:20:00,2025-01-07 18:50:00,24,10,17.3,35.074999999999996,0.3193
423148,273,2079,2187,2188,108,2,44,2232,2025-01-08 05:55:00,2025-01-08 14:55:00,2025-01-08 15:00:00,2025-01-08 18:40:00,154,2,36.6,53.85064935064935,0.1819
423148,274,2459,2475,2476,16,2,4,2480,2025-01-09 13:35:00,2025-01-09 14:55:00,2025-01-09 15:00:00,2025-01-09 15:20:00,22,2,40.4,55.5,0.1495
423148,275,2482,2497,2501,15,5,5,2506,2025-01-09 15:30:00,2025-01-09 16:45:00,2025-01-09 17:05:00,2025-01-09 17:30:00,25,5,21.1,44.29600000000001,0.3109
423148,276,2507,2514,2517,7,4,6,2523,2025-01-09 17:35:00,2025-01-09 18:10:00,2025-01-09 18:25:00,2025-01-09 18:55:00,17,4,15.1,33.71176470588235,0.3724
423148,277,2770,2798,2799,28,2,7,2806,2025-01-10 15:30:00,2025-01-10 17:50:00,2025-01-10 17:55:00,2025-01-10 18:30:00,37,2,32.3,50.481081081081086,0.183
423148,278,3616,3644,3646,28,3,20,3666,2025-01-13 14:00:00,2025-01-13 16:20:00,2025-01-13 16:30:00,2025-01-13 18:10:00,51,3,24.3,48.266666666666666,0.3276
423148,279,3855,3860,3861,5,2,31,3892,2025-01-14 09:55:00,2025-01-14 10:20:00,2025-01-14 10:25:00,2025-01-14 13:00:00,38,2,50.0,55.91052631578947,0.09
423148,280,3908,3917,3918,9,2,6,3924,2025-01-14 14:20:00,2025-01-14 15:05:00,2025-01-14 15:10:00,2025-01-14 15:40:00,17,2,22.8,47.71764705882353,0.2647
423148,281,3925,3932,3935,7,4,34,3969,2025-01-14 15:45:00,2025-01-14 16:20:00,2025-01-14 16:35:00,2025-01-14 19:25:00,45,4,16.0,36.528888888888886,0.3664
423148,282,4082,4219,4222,137,4,30,4252,2025-01-15 04:50:00,2025-01-15 16:15:00,2025-01-15 16:30:00,2025-01-15 19:00:00,171,4,16.4,49.63976608187135,0.3658
423148,283,4487,4523,4528,36,6,7,4535,2025-01-16 14:35:00,2025-01-16 17:35:00,2025-01-16 18:00:00,2025-01-16 18:35:00,49,6,16.1,41.412244897959184,0.3528
423148,284,4772,4788,4789,16,2,12,4801,2025-01-17 14:30:00,2025-01-17 15:50:00,2025-01-17 15:55:00,2025-01-17 16:55:00,30,2,39.4,53.426666666666655,0.1576
423148,285,4803,4812,4812,9,1,6,4818,2025-01-17 17:05:00,2025-01-17 17:50:00,2025-01-17 17:50:00,2025-01-17 18:20:00,16,1,23.3,47.2,0.2598
423148,286,5668,5706,5708,38,3,13,5721,2025-01-21 13:45:00,2025-01-21 16:55:00,2025-01-21 17:05:00,2025-01-21 18:10:00,54,3,21.0,40.27407407407408,0.3141
423148,287,5892,5986,5987,94,2,29,6016,2025-01-22 08:30:00,2025-01-22 16:20:00,2025-01-22 16:25:00,2025-01-22 18:50:00,125,2,25.4,51.49439999999999,0.2517
423148,288,6234,6262,6263,28,2,7,6270,2025-01-23 13:35:00,2025-01-23 15:55:00,2025-01-23 16:00:00,2025-01-23 16:35:00,37,2,22.9,53.6027027027027,0.3028
423148,289,6273,6287,6288,14,2,5,6293,2025-01-23 16:50:00,2025-01-23 18:00:00,2025-01-23 18:05:00,2025-01-23 18:30:00,21,2,27.8,46.82380952380952,0.2168
423148,290,6496,6506,6507,10,2,5,6512,2025-01-24 11:25:00,2025-01-24 12:15:00,2025-01-24 12:20:00,2025-01-24 12:45:00,17,2,37.2,51.41176470588236,0.1698
423148,291,6517,6544,6544,27,1,14,6558,2025-01-24 13:10:00,2025-01-24 15:25:00,2025-01-24 15:25:00,2025-01-24 16:35:00,42,1,40.9,56.72380952380953,0.1414
423148,292,7408,7432,7437,24,6,3,7440,2025-01-27 16:00:00,2025-01-27 18:00:00,2025-01-27 18:25:00,2025-01-27 19:15:00,33,6,15.5,34.712121212121204,0.3882
423148,293,7662,7676,7676,14,1,12,7688,2025-01-28 13:45:00,2025-01-28 14:55:00,2025-01-28 14:55:00,2025-01-28 15:55:00,27,1,39.8,56.72592592592592,0.1587
423148,294,7689,7697,7714,8,18,13,7727,2025-01-28 16:00:00,2025-01-28 16:40:00,2025-01-28 18:05:00,2025-01-28 19:10:00,39,18,13.2,25.30769230769231,0.4063
423148,295,7959,7975,7980,16,6,9,7989,2025-01-29 14:30:00,2025-01-29 15:50:00,2025-01-29 16:15:00,2025-01-29 17:00:00,31,6,19.3,37.854838709677416,0.2854
423148,296,7990,7995,7995,5,1,4,7999,2025-01-29 17:05:00,2025-01-29 17:30:00,2025-01-29 17:30:00,2025-01-29 17:50:00,10,1,42.1,54.46,0.1288
423148,297,8234,8267,8271,33,5,24,8295,2025-01-30 13:25:00,2025-01-30 16:10:00,2025-01-30 16:30:00,2025-01-30 18:30:00,62,5,17.9,45.367741935483885,0.3258
423148,298,8519,8547,8552,28,6,24,8576,2025-01-31 13:10:00,2025-01-31 15:30:00,2025-01-31 15:55:00,2025-01-31 17:55:00,58,6,18.4,43.67413793103447,0.2948
